epoch,split,label,hypo,hyper,katz,sat
159,train_pos,1,supermarket,commercial building,0.0,0.9896444082260132
159,train_pos,1,hand tool,tool,0.0,0.9830036163330078
159,train_pos,1,peach,fruit,0.0,0.9978838562965393
159,train_pos,1,pike,fish,0.0,0.9915885329246521
159,train_pos,1,nail gun,power tool,0.0,0.9912838935852051
159,train_pos,1,workshop,industrial building,0.0,0.9870273470878601
159,train_pos,1,noodles,grain product,0.0,0.9929768443107605
159,train_pos,1,tortilla,grain product,0.0,0.9995617270469666
159,train_pos,1,store,commercial building,0.0,0.9883495569229126
159,train_pos,1,flowering plant,plant,0.0,0.9729370474815369
159,train_pos,1,fish,animal,0.0,0.968310534954071
159,train_pos,1,glider,aircraft,0.0,0.991550087928772
159,train_pos,1,aircraft,vehicle,0.0,0.9838475584983826
159,train_pos,1,meat,food,0.0,0.9779449105262756
159,train_pos,1,clothing,physical object,0.0,0.9741587042808533
159,train_pos,1,ferry,watercraft,0.0,0.9953545331954956
159,train_pos,1,plant,physical object,0.0,0.9599426984786987
159,train_pos,1,oak,tree,0.0,0.9988395571708679
159,train_pos,1,saw,hand tool,0.0,0.9996286630630493
159,train_pos,1,scarf,accessory,0.0,0.9894092082977295
159,train_pos,1,salmon,fish,0.0,0.9900627732276917
159,train_pos,1,bacon,meat,0.0,0.9992806315422058
159,train_pos,1,viola,string instrument,0.0,0.9929823875427246
159,train_pos,1,road vehicle,vehicle,0.0,0.9742285013198853
159,train_pos,1,mosquito,insect,0.0,0.9899994730949402
159,train_pos,1,trousers,lower body clothing,0.0,0.9870414733886719
159,train_pos,1,moth,insect,0.0,0.9941967725753784
159,train_pos,1,airplane,aircraft,0.0,0.9991123080253601
159,train_pos,1,bat,mammal,0.0,0.9984455704689026
159,train_pos,1,synagogue,religious building,0.0,0.9946402907371521
159,train_pos,1,power plant,industrial building,0.0,0.9895777702331543
159,train_pos,1,cereal,grain product,0.0,0.9978017210960388
159,train_pos,1,lecture hall,educational building,0.0,0.9846883416175842
159,train_pos,1,bassoon,woodwind,0.0,0.9930508136749268
159,train_pos,1,sailboat,watercraft,0.0,0.9963207244873047
159,train_pos,1,cap,headwear,0.0,0.9990447163581848
159,train_pos,1,cat,mammal,0.0,0.9854952096939087
159,train_pos,1,bus,road vehicle,0.0,0.9989487528800964
159,train_pos,1,wasp,insect,0.0,0.9993048906326294
159,train_pos,1,tulip,flowering plant,0.0,0.9992446899414062
159,train_pos,1,helmet,headwear,0.0,0.9998145699501038
159,train_pos,1,reptile,animal,0.0,0.9789190292358398
159,train_pos,1,seagull,bird,0.0,0.9894318580627441
159,train_pos,1,rocket,spacecraft,0.0,0.9929803013801575
159,train_pos,1,tram,rail vehicle,0.0,0.9832804203033447
159,train_pos,1,sparrow,bird,0.0,0.9982722997665405
159,train_pos,1,fern,plant,0.0,0.9686723947525024
159,train_pos,1,temple,religious building,0.0,0.9868017435073853
159,train_pos,1,yacht,watercraft,0.0,0.9993951320648193
159,train_pos,1,maple,tree,0.0,0.9988279938697815
159,train_pos,1,kiwi,fruit,0.0,0.9866974949836731
159,train_pos,1,blueberry,fruit,0.0,0.9979238510131836
159,train_pos,1,bugle,brass instrument,0.0,0.9983394145965576
159,train_pos,1,mammal,animal,0.0,0.9807816743850708
159,train_pos,1,instrument,physical object,0.0,0.9663650393486023
159,train_pos,1,lawn mower,gardening tool,0.0,0.9870516061782837
159,train_pos,1,alto saxophone,woodwind,0.0,0.9986497759819031
159,train_pos,1,boat,watercraft,0.0,0.9874011874198914
159,train_pos,1,building,physical object,0.0,0.9680774807929993
159,train_pos,1,beret,headwear,0.0,0.9992708563804626
159,train_pos,1,dragonfly,insect,0.0,0.9993059635162354
159,train_pos,1,hat,headwear,0.0,0.9995768666267395
159,train_pos,1,rice,grain product,0.0,0.9837011694908142
159,train_pos,1,jet,aircraft,0.0,0.9990851879119873
159,train_pos,1,plum,fruit,0.0,0.9868906736373901
159,train_pos,1,hammer,hand tool,0.0,0.9996234178543091
159,train_pos,1,lamb,meat,0.0,0.990410327911377
159,train_pos,1,bee,insect,0.0,0.9970569610595703
159,train_pos,1,goldfish,fish,0.0,0.9914952516555786
159,train_pos,1,hotel,commercial building,0.0,0.9869222044944763
159,train_pos,1,drum kit,percussion instrument,0.0,0.9889547824859619
159,train_pos,1,triangle,percussion instrument,0.0,0.9968372583389282
159,train_pos,1,subway train,rail vehicle,0.0,0.9982244372367859
159,train_pos,1,crow,bird,0.0,0.9873993396759033
159,train_pos,1,minibus,road vehicle,0.0,0.9952397346496582
159,train_pos,1,snare drum,percussion instrument,0.0,0.99236661195755
159,train_pos,1,tiger,mammal,0.0,0.9884682297706604
159,train_pos,1,snake,reptile,0.0,0.9882835149765015
159,train_pos,1,bracelet,accessory,0.0,0.9915142059326172
159,train_pos,1,catfish,fish,0.0,0.9871440529823303
159,train_pos,1,pork,meat,0.0,0.9886522889137268
159,train_pos,1,tuba,brass instrument,0.0,0.984851062297821
159,train_pos,1,accordion,keyboard instrument,0.0,0.9889206290245056
159,train_pos,1,spruce,tree,0.0,0.9869138598442078
159,train_pos,1,hoodie,upper body clothing,0.0,0.9996310472488403
159,train_pos,1,office building,commercial building,0.0,0.9989312291145325
159,train_pos,1,necklace,accessory,0.0,0.991461992263794
159,train_pos,1,pigeon,bird,0.0,0.9982269406318665
159,train_pos,1,whale,mammal,0.0,0.9984684586524963
159,train_pos,1,bracken,fern,0.0,0.9822854995727539
159,train_pos,1,elephant,mammal,0.0,0.9985135197639465
159,train_pos,1,apple tree,tree,0.0,0.9988682270050049
159,train_pos,1,alligator,reptile,0.0,0.9987724423408508
159,train_pos,1,carp,fish,0.0,0.9872649908065796
159,train_pos,1,bicycle,road vehicle,0.0,0.9850737452507019
159,train_pos,1,barrel cactus,cactus,0.0,0.9890303015708923
159,train_pos,1,headwear,clothing,0.0,0.9981866478919983
159,train_pos,1,keyboard instrument,instrument,0.0,0.974364161491394
159,train_pos,1,birch,tree,0.0,0.9941847920417786
159,train_pos,1,clavichord,keyboard instrument,0.0,0.9869879484176636
159,train_pos,1,clarinet,woodwind,0.0,0.9986101388931274
159,train_pos,1,upper body clothing,clothing,0.0,0.9858670830726624
159,train_pos,1,daisy,flowering plant,0.0,0.9894104599952698
159,train_pos,1,jacket,upper body clothing,0.0,0.9925098419189453
159,train_pos,1,butterfly,insect,0.0,0.9993069171905518
159,train_pos,1,educational building,building,0.0,0.9758036136627197
159,train_pos,1,gecko,reptile,0.0,0.9987685084342957
159,train_pos,1,shovel,gardening tool,0.0,0.9899308681488037
159,train_pos,1,tape measure,measuring tool,0.0,0.9954147338867188
159,train_pos,1,cedar,tree,0.0,0.9988495111465454
159,train_pos,1,tomato,vegetable,0.0,0.9950171113014221
159,train_pos,1,organ,keyboard instrument,0.0,0.9984097480773926
159,train_pos,1,space shuttle,spacecraft,0.0,0.9950403571128845
159,train_pos,1,residential building,building,0.0,0.974852442741394
159,train_pos,1,cucumber,vegetable,0.0,0.9995725750923157
159,train_pos,1,helicopter,aircraft,0.0,0.9864903688430786
159,train_pos,1,pants,lower body clothing,0.0,0.9970781803131104
159,train_pos,1,pasta,grain product,0.0,0.9995610117912292
159,train_pos,1,sheep,mammal,0.0,0.998516857624054
159,train_pos,1,chisel,hand tool,0.0,0.9982490539550781
159,train_pos,1,harpsichord,keyboard instrument,0.0,0.9917433857917786
159,train_pos,1,piccolo,woodwind,0.0,0.9986788630485535
159,train_pos,1,library,educational building,0.0,0.9867082834243774
159,train_pos,1,truck,road vehicle,0.0,0.9952585101127625
159,train_pos,1,animal,physical object,0.0,0.9649688005447388
159,train_pos,1,file,hand tool,0.0,0.9967904686927795
159,train_pos,1,footwear,clothing,0.0,0.9849344491958618
159,train_pos,1,christmas cactus,cactus,0.0,0.9918044805526733
159,train_pos,1,grape,fruit,0.0,0.9978225231170654
159,train_pos,1,sausage,meat,0.0,0.9965734481811523
159,train_pos,1,monorail,rail vehicle,0.0,0.9979299306869507
159,train_pos,1,ruler,measuring tool,0.0,0.9921101927757263
159,train_pos,1,industrial building,building,0.0,0.9779003262519836
159,train_pos,1,potato,vegetable,0.0,0.9985236525535583
159,train_pos,1,zebra,mammal,0.0,0.9985404014587402
159,train_pos,1,bread,grain product,0.0,0.9995527863502502
159,train_pos,1,spacecraft,vehicle,0.0,0.9829203486442566
159,train_pos,1,probe,spacecraft,0.0,0.9947758913040161
159,train_pos,1,coat,upper body clothing,0.0,0.99899822473526
159,train_pos,1,apple,fruit,0.0,0.999509334564209
159,train_pos,1,hand drill,hand tool,0.0,0.999624490737915
159,train_pos,1,piano,keyboard instrument,0.0,0.987860381603241
159,train_pos,1,beanie,headwear,0.0,0.9969737529754639
159,train_pos,1,cymbals,percussion instrument,0.0,0.9993401169776917
159,train_pos,1,dessert,food,0.0,0.9692931771278381
159,train_pos,1,cello,string instrument,0.0,0.9986552000045776
159,train_pos,1,cream,dairy product,0.0,0.9871923923492432
159,train_pos,1,fly,insect,0.0,0.9792831540107727
159,train_pos,1,lower body clothing,clothing,0.0,0.9664682149887085
159,train_pos,1,screwdriver,hand tool,0.0,0.994838535785675
159,train_pos,1,shirt,upper body clothing,0.0,0.9948952794075012
159,train_pos,1,pudding,dessert,0.0,0.9897151589393616
159,train_pos,1,pie,dessert,0.0,0.9924294352531433
159,train_pos,1,shorts,lower body clothing,0.0,0.9847745299339294
159,train_pos,1,bird,animal,0.0,0.9622769355773926
159,train_pos,1,taxi,road vehicle,0.0,0.995214581489563
159,train_pos,1,micrometer,measuring tool,0.0,0.9895929098129272
159,train_pos,1,trumpet,brass instrument,0.0,0.9917377829551697
159,train_pos,1,sneakers,footwear,0.0,0.9905344247817993
159,train_pos,1,canoe,watercraft,0.0,0.9958898425102234
159,train_pos,1,willow,tree,0.0,0.9988763928413391
159,train_pos,1,mallet,hand tool,0.0,0.9568589329719543
159,train_pos,1,belt,accessory,0.0,0.9954878687858582
159,train_pos,1,english horn,woodwind,0.0,0.992872953414917
159,train_pos,1,string instrument,instrument,0.0,0.9723085165023804
159,train_pos,1,saxophone,woodwind,0.0,0.9885504841804504
159,train_pos,1,leggings,lower body clothing,0.0,0.9840580821037292
159,train_pos,1,high heels,footwear,0.0,0.9987163543701172
159,train_pos,1,tortoise,reptile,0.0,0.9934158325195312
159,train_pos,1,tree,plant,0.0,0.9765082001686096
159,train_pos,1,airliner,aircraft,0.0,0.9916706085205078
159,train_pos,1,pine,tree,0.0,0.9896640181541443
159,train_pos,1,sweater,upper body clothing,0.0,0.9876076579093933
159,train_pos,1,percussion instrument,instrument,0.0,0.9823533296585083
159,train_pos,1,trout,fish,0.0,0.9919865131378174
159,train_pos,1,ice cream,dessert,0.0,0.9878600239753723
159,train_pos,1,tree fern,fern,0.0,0.9908874034881592
159,train_pos,1,cabbage,vegetable,0.0,0.9995785355567932
159,train_pos,1,pepper,vegetable,0.0,0.9931764006614685
159,train_pos,1,harp,string instrument,0.0,0.9872204065322876
159,train_pos,1,tuna,fish,0.0,0.9901798963546753
159,train_pos,1,bungalow,residential building,0.0,0.9885166883468628
159,train_pos,1,mosque,religious building,0.0,0.9889494180679321
159,train_pos,1,motorcycle,road vehicle,0.0,0.9952835440635681
159,train_pos,1,car,road vehicle,0.0,0.9872970581054688
159,train_pos,1,pear,fruit,0.0,0.9949142932891846
159,train_pos,1,power tool,tool,0.0,0.9686087369918823
159,train_pos,1,gardening tool,tool,0.0,0.9600357413291931
159,train_pos,1,slippers,footwear,0.0,0.986738920211792
159,train_pos,1,space station,spacecraft,0.0,0.9993656277656555
159,train_pos,1,maidenhair fern,fern,0.0,0.9899064898490906
159,train_pos,1,gloves,accessory,0.0,0.9894535541534424
159,train_pos,1,utility knife,hand tool,0.0,0.9999321699142456
159,train_pos,1,caliper,measuring tool,0.0,0.9876940250396729
159,train_pos,1,marimba,percussion instrument,0.0,0.9850983619689941
159,train_pos,1,bamboo,grass,0.0,0.9907870888710022
159,train_pos,1,commercial building,building,0.0,0.9813156723976135
159,train_pos,1,ukulele,string instrument,0.0,0.9927615523338318
159,train_pos,1,villa,residential building,0.0,0.9983994364738464
159,train_pos,1,beef,meat,0.0,0.9965404272079468
159,train_pos,1,milk,dairy product,0.0,0.9995538592338562
159,train_pos,1,ant,insect,0.0,0.9993124008178711
159,train_pos,1,flamingo,bird,0.0,0.9915642738342285
159,train_pos,1,saguaro,cactus,0.0,0.9826585054397583
159,train_pos,1,cottage,residential building,0.0,0.9918547868728638
159,train_pos,1,insect,animal,0.0,0.9819493889808655
159,train_pos,1,oboe,woodwind,0.0,0.9926636219024658
159,train_pos,1,skirt,lower body clothing,0.0,0.9970582723617554
159,train_pos,1,mango,fruit,0.0,0.9870162606239319
159,train_pos,1,dog,mammal,0.0,0.9984373450279236
159,train_pos,1,cookie,dessert,0.0,0.9985901713371277
159,train_pos,1,hawk,bird,0.0,0.9983165264129639
159,train_pos,1,gong,percussion instrument,0.0,0.9993391633033752
159,train_pos,1,warehouse,industrial building,0.0,0.9879062175750732
159,train_pos,1,t-shirt,upper body clothing,0.0,0.9868531227111816
159,train_pos,1,owl,bird,0.0,0.9908043146133423
159,train_pos,1,church,religious building,0.0,0.9931437969207764
159,train_pos,1,jigsaw,power tool,0.0,0.9867984652519226
159,train_pos,1,bass drum,percussion instrument,0.0,0.9887991547584534
159,train_pos,1,butter,dairy product,0.0,0.9935041069984436
159,train_pos,1,flute,woodwind,0.0,0.9852412343025208
159,train_pos,1,vehicle,physical object,0.0,0.9661255478858948
159,train_pos,1,fruit,food,0.0,0.9895374774932861
159,train_pos,1,spirit level,measuring tool,0.0,0.9923233985900879
159,train_pos,1,jeans,lower body clothing,0.0,0.9855732321739197
159,train_pos,1,watercraft,vehicle,0.0,0.9787780046463013
159,train_pos,1,rose,flowering plant,0.0,0.9901560544967651
159,train_pos,1,factory,industrial building,0.0,0.9937840700149536
159,train_pos,1,lander,spacecraft,0.0,0.9864625334739685
159,train_pos,1,eagle,bird,0.0,0.9907423853874207
159,train_pos,1,violin,string instrument,0.0,0.992573618888855
159,train_pos,1,blouse,upper body clothing,0.0,0.9879838228225708
159,train_pos,1,food,physical object,0.0,0.967216432094574
159,train_pos,1,grasshopper,insect,0.0,0.9993066787719727
159,train_pos,1,cornet,brass instrument,0.0,0.9851123690605164
159,train_pos,1,violet,flowering plant,0.0,0.9992465972900391
159,train_pos,1,banjo,string instrument,0.0,0.9873140454292297
159,train_pos,1,pliers,hand tool,0.0,0.9983007311820984
159,train_pos,1,xylophone,percussion instrument,0.0,0.9969325065612793
159,train_pos,1,parrot,bird,0.0,0.9875062704086304
159,train_pos,1,tie,accessory,0.0,0.9870989918708801
159,train_pos,1,trowel,gardening tool,0.0,0.985024094581604
159,train_pos,1,biplane,aircraft,0.0,0.9877611398696899
159,train_pos,1,spinach,vegetable,0.0,0.9873726963996887
159,train_pos,1,sitar,string instrument,0.0,0.998689591884613
159,train_pos,1,turtle,reptile,0.0,0.9854194521903992
159,train_pos,1,power drill,power tool,0.0,0.984757661819458
159,train_pos,1,monkey,mammal,0.0,0.9914547204971313
159,train_pos,1,angle grinder,power tool,0.0,0.9893606901168823
159,train_pos,1,iguana,reptile,0.0,0.9890116453170776
159,train_pos,1,onion,vegetable,0.0,0.9821361899375916
159,train_pos,1,sander,power tool,0.0,0.9981921315193176
159,train_pos,1,mandolin,string instrument,0.0,0.9871388077735901
159,train_pos,1,beetle,insect,0.0,0.997109591960907
159,train_pos,1,boots,footwear,0.0,0.9986709356307983
159,train_pos,1,cheese,dairy product,0.0,0.992708146572113
159,train_pos,1,cow,mammal,0.0,0.9846175909042358
159,train_pos,1,wrench,hand tool,0.0,0.9948739409446716
159,train_pos,1,shark,fish,0.0,0.9876657724380493
159,train_pos,1,euphonium,brass instrument,0.0,0.9855557680130005
159,train_pos,1,daffodil,flowering plant,0.0,0.9992384910583496
159,train_pos,1,broccoli,vegetable,0.0,0.9985686540603638
159,train_pos,1,lettuce,vegetable,0.0,0.9995840191841125
159,train_pos,1,dolphin,mammal,0.0,0.9984306693077087
159,train_pos,1,cardigan,upper body clothing,0.0,0.9892286062240601
159,train_pos,1,rail vehicle,vehicle,0.0,0.9699757099151611
159,train_pos,1,recorder,woodwind,0.0,0.9869885444641113
159,train_pos,1,fir,tree,0.0,0.9938456416130066
159,train_pos,1,cake,dessert,0.0,0.9866552352905273
159,train_pos,1,brownie,dessert,0.0,0.9986080527305603
159,train_pos,1,pruning shears,gardening tool,0.0,0.9899094104766846
159,train_pos,1,submarine,watercraft,0.0,0.9994074106216431
159,train_pos,1,lawn grass,grass,0.0,0.9878879189491272
159,train_pos,1,woodwind,instrument,0.0,0.9738542437553406
159,train_pos,1,sunflower,flowering plant,0.0,0.9966697096824646
159,train_pos,1,flugelhorn,brass instrument,0.0,0.9983716607093811
159,train_pos,1,brass instrument,instrument,0.0,0.9772952795028687
159,train_pos,1,shoes,footwear,0.0,0.9866852760314941
159,train_pos,1,coach,road vehicle,0.0,0.9875005483627319
159,train_pos,1,carrot,vegetable,0.0,0.9985575079917908
159,train_pos,1,physical object,entity,0.0,0.9663209319114685
159,train_pos,1,cathedral,religious building,0.0,0.9904612898826599
159,train_pos,1,yogurt,dairy product,0.0,0.9986061453819275
159,train_pos,1,guitar,string instrument,0.0,0.9886506795883179
159,train_pos,1,scooter,road vehicle,0.0,0.9884456396102905
159,train_pos,1,banana,fruit,0.0,0.9994889497756958
159,train_pos,1,sandals,footwear,0.0,0.9906060099601746
159,train_pos,1,chicken,meat,0.0,0.9883151054382324
159,train_pos,1,orchid,flowering plant,0.0,0.9886869192123413
159,train_pos,1,strawberry,fruit,0.0,0.9917616844177246
159,train_pos,1,shopping mall,commercial building,0.0,0.994662344455719
159,train_pos,1,poppy,flowering plant,0.0,0.9952405691146851
159,train_pos,1,van,road vehicle,0.0,0.9989521503448486
159,train_pos,1,freight train,rail vehicle,0.0,0.9911885261535645
159,train_pos,1,dairy product,food,0.0,0.9847207069396973
159,train_pos,1,cactus,plant,0.0,0.9655909538269043
159,train_pos,1,hoe,gardening tool,0.0,0.9876773953437805
159,train_pos,1,synthesizer,keyboard instrument,0.0,0.9856458306312561
159,train_pos,1,rake,gardening tool,0.0,0.9874346852302551
159,train_pos,1,orange,fruit,0.0,0.9994938373565674
159,train_pos,1,trombone,brass instrument,0.0,0.9983494281768799
159,train_pos,1,grass,plant,0.0,0.9755046963691711
159,train_pos,1,prickly pear,cactus,0.0,0.9913567304611206
159,train_pos,1,measuring tool,tool,0.0,0.9743714928627014
159,train_pos,1,wheatgrass,grass,0.0,0.9879756569862366
159,train_pos,1,kayak,watercraft,0.0,0.9873073101043701
159,train_pos,1,vegetable,food,0.0,0.9875734448432922
159,train_pos,1,french horn,brass instrument,0.0,0.9906588792800903
159,train_pos,1,crocodile,reptile,0.0,0.9888457655906677
159,train_pos,1,train,rail vehicle,0.0,0.977466881275177
159,train_pos,1,penguin,bird,0.0,0.9842782616615295
159,train_pos,1,accessory,clothing,0.0,0.9860584139823914
159,train_pos,1,horse,mammal,0.0,0.9857988357543945
159,train_pos,1,reed,grass,0.0,0.9895601272583008
159,train_pos,1,school,educational building,0.0,0.9856207370758057
159,train_pos,1,goat,mammal,0.0,0.9915761351585388
159,train_pos,1,cherry tree,tree,0.0,0.9851795434951782
159,train_pos,1,grain product,food,0.0,0.9888401627540588
159,train_pos,1,lily,flowering plant,0.0,0.9907522201538086
159,train_pos,1,religious building,building,0.0,0.9794343113899231
159,train_pos,1,lizard,reptile,0.0,0.9987449645996094
159,train_pos,1,apartment building,residential building,0.0,0.9869120121002197
159,train_pos,1,house,residential building,0.0,0.9896711707115173
159,train_pos,1,timpani,percussion instrument,0.0,0.9968898892402649
159,train_pos,1,circular saw,power tool,0.0,0.9982245564460754
159,train_pos,1,university building,educational building,0.0,0.9854856729507446
159,train_pos,1,lion,mammal,0.0,0.9984989166259766
159,train_pos,1,double bass,string instrument,0.0,0.9891235828399658
159,train_pos,1,turkey,meat,0.0,0.992853581905365
159,train_pos,1,bass clarinet,woodwind,0.0,0.987782895565033
159,train_pos,1,tool,physical object,0.0,0.9655894041061401
159,train_pos,1,ship,watercraft,0.0,0.9993997812271118
159,train_neg,0,jigsaw,nail gun,0.0,0.010664991103112698
159,train_neg,0,temple,synagogue,0.0,0.010037929750978947
159,train_neg,0,double bass,banjo,0.0,0.008576650172472
159,train_neg,0,turkey,turkey,0.0,0.010481007397174835
159,train_neg,0,crocodile,snake,0.0,0.009218110702931881
159,train_neg,0,scarf,necklace,0.0,0.008264110423624516
159,train_neg,0,supermarket,supermarket,0.0,0.008639336563646793
159,train_neg,0,hoe,hoe,0.0,0.010975921526551247
159,train_neg,0,cap,beret,0.0,0.003409136552363634
159,train_neg,0,leggings,trousers,0.0,0.010482560843229294
159,train_neg,0,kiwi,strawberry,0.0,0.013241991400718689
159,train_neg,0,jeans,leggings,0.0,0.009854448027908802
159,train_neg,0,lander,rocket,0.0,0.012307832948863506
159,train_neg,0,carp,pike,0.0,0.010386902838945389
159,train_neg,0,horse,horse,0.0,0.008712949231266975
159,train_neg,0,store,shopping mall,0.0,0.010678986087441444
159,train_neg,0,mosque,cathedral,0.0,0.008589483797550201
159,train_neg,0,tuna,catfish,0.0,0.008406050503253937
159,train_neg,0,fly,bee,0.0,0.009128746576607227
159,train_neg,0,gloves,bracelet,0.0,0.008281989954411983
159,train_neg,0,physical object,clothing,0.0,0.04193129763007164
159,train_neg,0,parrot,owl,0.0,0.01067366823554039
159,train_neg,0,warehouse,warehouse,0.0,0.007251667324453592
159,train_neg,0,space shuttle,probe,0.0,0.014900092035531998
159,train_neg,0,physical object,tool,0.0,0.060746096074581146
159,train_neg,0,marimba,triangle,0.0,0.011292188428342342
159,train_neg,0,pork,lamb,0.0,0.009794502519071102
159,train_neg,0,cow,monkey,0.0,0.011009981855750084
159,train_neg,0,pine,pine,0.0,0.009802112355828285
159,train_neg,0,sandals,shoes,0.0,0.009472398087382317
159,train_neg,0,seagull,penguin,0.0,0.008814094588160515
159,train_neg,0,catfish,trout,0.0,0.01051327958703041
159,train_neg,0,tram,monorail,0.0,0.019067727029323578
159,train_neg,0,physical object,food,0.0,0.04379015788435936
159,train_neg,0,beret,hat,0.0,0.004255685955286026
159,train_neg,0,t-shirt,shirt,0.0,0.01065754797309637
159,train_neg,0,tuba,trumpet,0.0,0.010908150114119053
159,train_neg,0,bass drum,snare drum,0.0,0.010589956305921078
159,train_neg,0,ruler,ruler,0.0,0.010498082265257835
159,train_neg,0,guitar,guitar,0.0,0.008637810125946999
159,train_neg,0,mango,peach,0.0,0.012329217977821827
159,train_neg,0,rice,noodles,0.0,0.014153318479657173
159,train_neg,0,spinach,broccoli,0.0,0.012268523685634136
159,train_neg,0,car,truck,0.0,0.010964130982756615
159,train_neg,0,lecture hall,school,0.0,0.009763744659721851
159,train_neg,0,rose,poppy,0.0,0.010713656432926655
159,train_neg,0,beanie,beret,0.0,0.001863068318925798
159,train_neg,0,lawn grass,wheatgrass,0.0,0.009057643823325634
159,train_neg,0,apartment building,cottage,0.0,0.010998175479471684
159,train_neg,0,sweater,cardigan,0.0,0.008304201997816563
159,train_neg,0,ice cream,ice cream,0.0,0.009631131775677204
159,train_neg,0,tuba,tuba,0.0,0.00872067827731371
159,train_neg,0,angle grinder,power drill,0.0,0.008851353079080582
159,train_neg,0,cornet,euphonium,0.0,0.008546317927539349
159,train_neg,0,helicopter,airliner,0.0,0.009153109043836594
159,train_neg,0,salmon,carp,0.0,0.00836610421538353
159,train_neg,0,micrometer,spirit level,0.0,0.009233269840478897
159,train_neg,0,hotel,store,0.0,0.008860803209245205
159,train_neg,0,bracken,bracken,0.0,0.007286031264811754
159,train_neg,0,mallet,utility knife,0.0,0.042542409151792526
159,train_neg,0,university building,library,0.0,0.010576914064586163
159,train_neg,0,jeans,shorts,0.0,0.010339769534766674
159,train_neg,0,bicycle,scooter,0.0,0.009978010319173336
159,train_neg,0,bungalow,bungalow,0.0,0.00957056600600481
159,train_neg,0,mosque,church,0.0,0.008815149776637554
159,train_neg,0,tiger,cat,0.0,0.009067325852811337
159,train_neg,0,strawberry,grape,0.0,0.01371264923363924
159,train_neg,0,blouse,jacket,0.0,0.00893273577094078
159,train_neg,0,cathedral,church,0.0,0.009844514541327953
159,train_neg,0,train,monorail,0.0,0.015372290275990963
159,train_neg,0,lamb,pork,0.0,0.011692028492689133
159,train_neg,0,wheatgrass,lawn grass,0.0,0.009056641720235348
159,train_neg,0,penguin,penguin,0.0,0.007255434989929199
159,train_neg,0,lawn grass,bamboo,0.0,0.008829283528029919
159,train_neg,0,warehouse,power plant,0.0,0.0074761672876775265
159,train_neg,0,chicken,beef,0.0,0.011640490964055061
159,train_neg,0,mallet,mallet,0.0,0.0066261435858905315
159,train_neg,0,bass clarinet,english horn,0.0,0.011593383736908436
159,train_neg,0,rake,rake,0.0,0.010737746022641659
159,train_neg,0,euphonium,euphonium,0.0,0.008352763950824738
159,train_neg,0,trowel,lawn mower,0.0,0.009929601103067398
159,train_neg,0,tie,belt,0.0,0.010338081046938896
159,train_neg,0,sneakers,slippers,0.0,0.009443040005862713
159,train_neg,0,saguaro,barrel cactus,0.0,0.007945902645587921
159,train_neg,0,synthesizer,piano,0.0,0.009008420631289482
159,train_neg,0,flute,bass clarinet,0.0,0.008772679604589939
159,train_neg,0,synthesizer,clavichord,0.0,0.008067445829510689
159,train_neg,0,physical object,plant,0.0,0.06489888578653336
159,train_neg,0,caliper,tape measure,0.0,0.011080647818744183
159,train_neg,0,lawn mower,shovel,0.0,0.011748663149774075
159,train_neg,0,rice,cereal,0.0,0.008539658971130848
159,train_neg,0,spirit level,spirit level,0.0,0.01137138158082962
159,train_neg,0,cheese,cream,0.0,0.032124485820531845
159,train_neg,0,maidenhair fern,bracken,0.0,0.009635977447032928
159,train_neg,0,saguaro,saguaro,0.0,0.01434042677283287
159,train_neg,0,wheatgrass,reed,0.0,0.008321315981447697
159,train_neg,0,sailboat,sailboat,0.0,0.01834791712462902
159,train_neg,0,cow,horse,0.0,0.008637245744466782
159,train_neg,0,pork,sausage,0.0,0.010812060907483101
159,train_neg,0,cream,yogurt,0.0,0.012547283433377743
159,train_neg,0,coach,taxi,0.0,0.010955607518553734
159,train_neg,0,cake,pie,0.0,0.010145624168217182
159,train_neg,0,screwdriver,pliers,0.0,0.010715223848819733
159,train_neg,0,helicopter,glider,0.0,0.008997321128845215
159,train_neg,0,rocket,space shuttle,0.0,0.011835752986371517
159,train_neg,0,snake,snake,0.0,0.009033442474901676
159,train_neg,0,snare drum,xylophone,0.0,0.013752367347478867
159,train_neg,0,jigsaw,power drill,0.0,0.00842096097767353
159,train_neg,0,beanie,cap,0.0,0.0022578753996640444
159,train_neg,0,pear,pear,0.0,0.014072740450501442
159,train_neg,0,bicycle,minibus,0.0,0.010498671792447567
159,train_neg,0,physical object,animal,0.0,0.06111349165439606
159,train_neg,0,plum,blueberry,0.0,0.012210835702717304
159,train_neg,0,pepper,tomato,0.0,0.016702596098184586
159,train_neg,0,penguin,flamingo,0.0,0.010152608156204224
159,train_neg,0,spruce,fir,0.0,0.01168876700103283
159,train_neg,0,probe,space shuttle,0.0,0.014496642164885998
159,train_neg,0,wrench,chisel,0.0,0.010544179007411003
159,train_neg,0,orchid,rose,0.0,0.012095541693270206
159,train_neg,0,cream,butter,0.0,0.017125627025961876
159,train_neg,0,monorail,train,0.0,0.017257019877433777
159,train_neg,0,turtle,turtle,0.0,0.009997162967920303
159,train_neg,0,rose,lily,0.0,0.011585752479732037
159,train_neg,0,physical object,vehicle,0.0,0.04897549748420715
159,train_neg,0,school,school,0.0,0.010197949595749378
159,train_neg,0,power plant,warehouse,0.0,0.007974478416144848
159,train_neg,0,tomato,potato,0.0,0.017278488725423813
159,train_neg,0,saxophone,recorder,0.0,0.00885747093707323
159,train_neg,0,freight train,train,0.0,0.004927546251565218
159,train_neg,0,marimba,timpani,0.0,0.011367619037628174
159,train_neg,0,shark,goldfish,0.0,0.009890426881611347
159,train_neg,0,boat,ferry,0.0,0.012603889219462872
159,train_neg,0,kayak,ferry,0.0,0.01255964208394289
159,train_neg,0,library,lecture hall,0.0,0.009831275790929794
159,train_neg,0,harp,violin,0.0,0.01058670412749052
159,train_neg,0,bracken,tree fern,0.0,0.010913641192018986
159,train_neg,0,shorts,shorts,0.0,0.009525151923298836
159,train_neg,0,cherry tree,birch,0.0,0.01102420687675476
159,train_neg,0,flute,oboe,0.0,0.010755112394690514
159,train_neg,0,fly,beetle,0.0,0.009247618727385998
159,train_neg,0,clavichord,harpsichord,0.0,0.01135722640901804
159,train_neg,0,ferry,canoe,0.0,0.016937075182795525
159,train_neg,0,daisy,poppy,0.0,0.010830394923686981
159,train_neg,0,turtle,tortoise,0.0,0.010878849774599075
159,train_neg,0,drum kit,snare drum,0.0,0.010705321095883846
159,train_neg,0,workshop,factory,0.0,0.009541898034512997
159,train_neg,0,iguana,iguana,0.0,0.009347721002995968
159,train_neg,0,shoes,slippers,0.0,0.007898624986410141
159,train_neg,0,recorder,bassoon,0.0,0.011073100380599499
159,train_neg,0,caliper,spirit level,0.0,0.008830194361507893
159,train_neg,0,saguaro,christmas cactus,0.0,0.009065701626241207
159,train_neg,0,temple,mosque,0.0,0.010104442946612835
159,train_neg,0,noodles,cereal,0.0,0.013948146253824234
159,train_neg,0,crow,eagle,0.0,0.010463357903063297
159,train_neg,0,reed,bamboo,0.0,0.009893303737044334
159,train_neg,0,cardigan,jacket,0.0,0.00933036208152771
159,train_neg,0,file,file,0.0,0.009979074820876122
159,train_neg,0,tram,tram,0.0,0.008523507975041866
159,train_neg,0,cherry tree,cherry tree,0.0,0.01071430929005146
159,train_neg,0,cake,cake,0.0,0.007740528788417578
159,train_neg,0,bracelet,bracelet,0.0,0.009454486891627312
159,train_neg,0,necklace,necklace,0.0,0.009394054301083088
159,train_neg,0,physical object,instrument,0.0,0.054496653378009796
159,train_neg,0,physical object,building,0.0,0.050775036215782166
159,train_neg,0,house,apartment building,0.0,0.008713590912520885
159,train_neg,0,biplane,airliner,0.0,0.009396117180585861
159,train_neg,0,hotel,supermarket,0.0,0.007812106981873512
159,train_neg,0,university building,lecture hall,0.0,0.009872078895568848
159,train_neg,0,accordion,piano,0.0,0.009881180711090565
159,train_neg,0,trowel,pruning shears,0.0,0.011217333376407623
159,train_neg,0,mandolin,ukulele,0.0,0.010604165494441986
159,train_neg,0,butter,cheese,0.0,0.022181740030646324
159,train_neg,0,ice cream,cake,0.0,0.008083557710051537
159,train_neg,0,slippers,shoes,0.0,0.007928049191832542
159,train_neg,0,lily,sunflower,0.0,0.012616665102541447
159,train_neg,0,airliner,airliner,0.0,0.01179624442011118
159,train_neg,0,workshop,workshop,0.0,0.00826500914990902
159,train_neg,0,trousers,leggings,0.0,0.0100261764600873
159,train_neg,0,cat,goat,0.0,0.011242302134633064
159,train_neg,0,fly,fly,0.0,0.018824119120836258
159,train_neg,0,mosquito,moth,0.0,0.009452585130929947
159,train_neg,0,canoe,sailboat,0.0,0.01674686186015606
159,train_neg,0,onion,pepper,0.0,0.014374854974448681
159,train_neg,0,cream,cheese,0.0,0.013642814010381699
159,train_neg,0,scooter,motorcycle,0.0,0.010675732977688313
159,train_neg,0,moth,moth,0.0,0.012992270290851593
159,train_neg,0,cornet,french horn,0.0,0.010439489036798477
159,train_neg,0,pudding,pudding,0.0,0.009593839757144451
159,train_neg,0,onion,carrot,0.0,0.010528256185352802
159,train_neg,0,banjo,viola,0.0,0.01056109182536602
159,train_neg,0,barrel cactus,prickly pear,0.0,0.010893316939473152
159,train_neg,0,power drill,power drill,0.0,0.007322099059820175
159,train_neg,0,glider,glider,0.0,0.011526498012244701
159,test_pos,1,workshop,building,0.0,0.6392111778259277
159,test_pos,1,train,vehicle,0.0,0.6049991846084595
159,test_pos,1,pine,physical object,0.0,0.5292876958847046
159,test_pos,1,snare drum,physical object,0.0,0.5667169690132141
159,test_pos,1,grape,physical object,0.0,0.9490267634391785
159,test_pos,1,sausage,physical object,0.0,0.8377679586410522
159,test_pos,1,truck,vehicle,0.0,0.8387168049812317
159,test_pos,1,synthesizer,instrument,0.0,0.7552056312561035
159,test_pos,1,kayak,vehicle,0.0,0.17813557386398315
159,test_pos,1,cow,physical object,0.0,0.7299721837043762
159,test_pos,1,hoe,physical object,0.0,0.6839080452919006
159,test_pos,1,marimba,physical object,0.0,0.3161148428916931
159,test_pos,1,leggings,clothing,0.0,0.8446723222732544
159,test_pos,1,apple,physical object,0.0,0.9925788044929504
159,test_pos,1,hoodie,physical object,0.0,0.9972031116485596
159,test_pos,1,wrench,physical object,0.0,0.3750308156013489
159,test_pos,1,pudding,food,0.0,0.6593742370605469
159,test_pos,1,viola,physical object,0.0,0.7399917840957642
159,test_pos,1,shark,physical object,0.0,0.5216301083564758
159,test_pos,1,apartment building,building,0.0,0.7089680433273315
159,test_pos,1,wheatgrass,plant,0.0,0.6987361311912537
159,test_pos,1,temple,building,0.0,0.6019308567047119
159,test_pos,1,helicopter,vehicle,0.0,0.7008070945739746
159,test_pos,1,sparrow,animal,0.0,0.9677661061286926
159,test_pos,1,hat,physical object,0.0,0.6344993710517883
159,test_pos,1,sitar,physical object,0.0,0.9723427295684814
159,test_pos,1,house,building,0.0,0.7733978033065796
159,test_pos,1,cornet,instrument,0.0,0.8033317923545837
159,test_pos,1,recorder,instrument,0.0,0.6976153254508972
159,test_pos,1,lawn mower,tool,0.0,0.8138895034790039
159,test_pos,1,mosquito,animal,0.0,0.5859495997428894
159,test_pos,1,wasp,physical object,0.0,0.9759507179260254
159,test_pos,1,reed,plant,0.0,0.7453519701957703
159,test_pos,1,file,tool,0.0,0.7491821050643921
159,test_pos,1,bass drum,instrument,0.0,0.568905234336853
159,test_pos,1,moth,animal,0.0,0.7666906118392944
159,test_pos,1,kiwi,food,0.0,0.6077669262886047
159,test_pos,1,workshop,physical object,0.0,0.5125552415847778
159,test_pos,1,blueberry,food,0.0,0.9598661065101624
159,test_pos,1,supermarket,building,0.0,0.7717974781990051
159,test_pos,1,willow,plant,0.0,0.9849991202354431
159,test_pos,1,synthesizer,physical object,0.0,0.6293927431106567
159,test_pos,1,cereal,physical object,0.0,0.9235787391662598
159,test_pos,1,tulip,physical object,0.0,0.9560036659240723
159,test_pos,1,bracken,physical object,0.0,0.4139101505279541
159,test_pos,1,necklace,physical object,0.0,0.8212711215019226
159,test_pos,1,hand drill,tool,0.0,0.9877412915229797
159,test_pos,1,taxi,vehicle,0.0,0.8368108868598938
159,test_pos,1,cardigan,clothing,0.0,0.8272926211357117
159,test_pos,1,university building,building,0.0,0.9193823337554932
159,test_pos,1,ship,vehicle,0.0,0.9697997570037842
159,test_pos,1,sweater,clothing,0.0,0.7982740998268127
159,test_pos,1,shark,animal,0.0,0.7144693732261658
159,test_pos,1,apartment building,physical object,0.0,0.595026433467865
159,test_pos,1,sneakers,physical object,0.0,0.9088091850280762
159,test_pos,1,house,physical object,0.0,0.6736898422241211
159,test_pos,1,pine,plant,0.0,0.7399908304214478
159,test_pos,1,screwdriver,tool,0.0,0.5767302513122559
159,test_pos,1,guitar,instrument,0.0,0.7038122415542603
159,test_pos,1,plum,food,0.0,0.6147660613059998
159,test_pos,1,cornet,physical object,0.0,0.6967523097991943
159,test_pos,1,recorder,physical object,0.0,0.5572324991226196
159,test_pos,1,blueberry,physical object,0.0,0.9523251056671143
159,test_pos,1,lamb,food,0.0,0.5477977395057678
159,test_pos,1,brownie,food,0.0,0.9757583141326904
159,test_pos,1,wasp,animal,0.0,0.9862545728683472
159,test_pos,1,trousers,physical object,0.0,0.865009069442749
159,test_pos,1,ice cream,food,0.0,0.5948576927185059
159,test_pos,1,birch,physical object,0.0,0.7460504174232483
159,test_pos,1,bass drum,physical object,0.0,0.41632816195487976
159,test_pos,1,boots,physical object,0.0,0.9916660189628601
159,test_pos,1,bus,physical object,0.0,0.9713718295097351
159,test_pos,1,watercraft,entity,0.0,0.9996589422225952
159,test_pos,1,trout,animal,0.0,0.8311261534690857
159,test_pos,1,educational building,entity,0.0,0.9996137022972107
159,test_pos,1,supermarket,physical object,0.0,0.6747968792915344
159,test_pos,1,dragonfly,physical object,0.0,0.9759716391563416
159,test_pos,1,milk,physical object,0.0,0.9785289764404297
159,test_pos,1,fern,entity,0.0,0.9994208812713623
159,test_pos,1,xylophone,instrument,0.0,0.9095073342323303
159,test_pos,1,alligator,physical object,0.0,0.9781791567802429
159,test_pos,1,jigsaw,physical object,0.0,0.44910693168640137
159,test_pos,1,high heels,physical object,0.0,0.9919975399971008
159,test_pos,1,ferry,vehicle,0.0,0.49881917238235474
159,test_pos,1,space station,physical object,0.0,0.9779587984085083
159,test_pos,1,flamingo,physical object,0.0,0.5525479316711426
159,test_pos,1,store,physical object,0.0,0.6320068836212158
159,test_pos,1,tomato,food,0.0,0.702698826789856
159,test_pos,1,cake,physical object,0.0,0.5043639540672302
159,test_pos,1,monorail,vehicle,0.0,0.9778251051902771
159,test_pos,1,brownie,physical object,0.0,0.9708014726638794
159,test_pos,1,cap,clothing,0.0,0.2747117280960083
159,test_pos,1,mallet,tool,0.0,0.0726083293557167
159,test_pos,1,pork,food,0.0,0.4774335026741028
159,test_pos,1,bird,entity,0.0,0.9993799924850464
159,test_pos,1,fruit,entity,0.0,0.9998286962509155
159,test_pos,1,tree,entity,0.0,0.9995346069335938
159,test_pos,1,guitar,physical object,0.0,0.561498761177063
159,test_pos,1,cedar,physical object,0.0,0.9710373282432556
159,test_pos,1,hawk,physical object,0.0,0.9438978433609009
159,test_pos,1,helmet,clothing,0.0,0.9107103943824768
159,test_pos,1,pigeon,animal,0.0,0.9666340947151184
159,test_pos,1,horse,physical object,0.0,0.7463594675064087
159,test_pos,1,coach,physical object,0.0,0.4204726815223694
159,test_pos,1,pear,physical object,0.0,0.8430618047714233
159,test_pos,1,tulip,plant,0.0,0.9772652983665466
159,test_pos,1,trowel,physical object,0.0,0.6260324716567993
159,test_pos,1,rice,physical object,0.0,0.3578468859195709
159,test_pos,1,shoes,physical object,0.0,0.8656654357910156
159,test_pos,1,bracken,plant,0.0,0.645683228969574
159,test_pos,1,goat,physical object,0.0,0.8639264106750488
159,test_pos,1,motorcycle,vehicle,0.0,0.8393741846084595
159,test_pos,1,owl,physical object,0.0,0.5163023471832275
159,test_pos,1,car,vehicle,0.0,0.5211774110794067
159,test_pos,1,dog,physical object,0.0,0.9839180707931519
159,test_pos,1,beef,food,0.0,0.8617286682128906
159,test_pos,1,gecko,physical object,0.0,0.9780925512313843
159,test_pos,1,dragonfly,animal,0.0,0.9862688183784485
159,test_pos,1,road vehicle,entity,0.0,0.999603807926178
159,test_pos,1,scooter,vehicle,0.0,0.5488715171813965
159,test_pos,1,xylophone,physical object,0.0,0.856998860836029
159,test_pos,1,airliner,vehicle,0.0,0.823318362236023
159,test_pos,1,tomato,physical object,0.0,0.6558348536491394
159,test_pos,1,flamingo,animal,0.0,0.7369962334632874
159,test_pos,1,bugle,instrument,0.0,0.9868462681770325
159,test_pos,1,sandals,physical object,0.0,0.9094296097755432
159,test_pos,1,jet,vehicle,0.0,0.9894283413887024
159,test_pos,1,cucumber,physical object,0.0,0.9872439503669739
159,test_pos,1,hammer,tool,0.0,0.9876933693885803
159,test_pos,1,sailboat,vehicle,0.0,0.5990134477615356
159,test_pos,1,shovel,tool,0.0,0.8640720248222351
159,test_pos,1,butter,physical object,0.0,0.3658407926559448
159,test_pos,1,tram,vehicle,0.0,0.7091192007064819
159,test_pos,1,birch,plant,0.0,0.8728606700897217
159,test_pos,1,clarinet,instrument,0.0,0.9824910759925842
159,test_pos,1,eagle,physical object,0.0,0.5134793519973755
159,test_pos,1,van,physical object,0.0,0.9714662432670593
159,test_pos,1,beef,physical object,0.0,0.8357028365135193
159,test_pos,1,tape measure,physical object,0.0,0.5804284811019897
159,test_pos,1,lion,physical object,0.0,0.9846983551979065
159,test_pos,1,tie,physical object,0.0,0.7170807719230652
159,test_pos,1,goat,animal,0.0,0.9279507398605347
159,test_pos,1,cookie,food,0.0,0.9753426313400269
159,test_pos,1,dog,animal,0.0,0.9907219409942627
159,test_pos,1,hat,clothing,0.0,0.6619847416877747
159,test_pos,1,cream,food,0.0,0.20381329953670502
159,test_pos,1,minibus,physical object,0.0,0.7767317295074463
159,test_pos,1,canoe,physical object,0.0,0.4387012720108032
159,test_pos,1,prickly pear,physical object,0.0,0.5655350089073181
159,test_pos,1,butterfly,physical object,0.0,0.9760631918907166
159,test_pos,1,power drill,physical object,0.0,0.3815273940563202
159,test_pos,1,yacht,vehicle,0.0,0.9695299863815308
159,test_pos,1,measuring tool,entity,0.0,0.9995430707931519
159,test_pos,1,space shuttle,vehicle,0.0,0.7415146827697754
159,test_pos,1,daisy,physical object,0.0,0.2151706963777542
159,test_pos,1,bugle,physical object,0.0,0.980492353439331
159,test_pos,1,bracelet,clothing,0.0,0.8391217589378357
159,test_pos,1,nail gun,tool,0.0,0.772216796875
159,test_pos,1,pike,physical object,0.0,0.6758017539978027
159,test_pos,1,mango,physical object,0.0,0.570358157157898
159,test_pos,1,cedar,plant,0.0,0.9845616221427917
159,test_pos,1,angle grinder,physical object,0.0,0.5150585174560547
159,test_pos,1,lander,physical object,0.0,0.2827449440956116
159,test_pos,1,sander,physical object,0.0,0.9480112195014954
159,test_pos,1,clarinet,physical object,0.0,0.9736613035202026
159,test_pos,1,necklace,clothing,0.0,0.8378655910491943
159,test_pos,1,eagle,animal,0.0,0.7067488431930542
159,test_pos,1,boat,vehicle,0.0,0.17933772504329681
159,test_pos,1,hotel,building,0.0,0.7111446261405945
159,test_pos,1,cream,physical object,0.0,0.17710642516613007
159,test_pos,1,noodles,food,0.0,0.7150444388389587
159,test_pos,1,tortilla,food,0.0,0.9922256469726562
159,test_pos,1,bicycle,physical object,0.0,0.35722920298576355
159,test_pos,1,french horn,instrument,0.0,0.8853771686553955
159,test_pos,1,lion,animal,0.0,0.9911515116691589
159,test_pos,1,ruler,physical object,0.0,0.3484191596508026
159,test_pos,1,barrel cactus,physical object,0.0,0.46692872047424316
159,test_pos,1,piccolo,instrument,0.0,0.9835917949676514
159,test_pos,1,sneakers,clothing,0.0,0.9188655018806458
159,test_pos,1,grape,food,0.0,0.9571275115013123
159,test_pos,1,sausage,food,0.0,0.8635014891624451
159,test_pos,1,submarine,physical object,0.0,0.9587215185165405
159,test_pos,1,saw,physical object,0.0,0.9795956611633301
159,test_pos,1,salmon,physical object,0.0,0.6017947196960449
159,test_pos,1,blouse,clothing,0.0,0.8065498471260071
159,test_pos,1,butterfly,animal,0.0,0.9863148927688599
159,test_pos,1,string instrument,entity,0.0,0.9995669722557068
159,test_pos,1,lawn mower,physical object,0.0,0.6664530634880066
159,test_pos,1,subway train,vehicle,0.0,0.9823014736175537
159,test_pos,1,apple,food,0.0,0.993687093257904
159,test_pos,1,bat,physical object,0.0,0.984003484249115
159,test_pos,1,turkey,physical object,0.0,0.6107643842697144
159,test_pos,1,monkey,physical object,0.0,0.8614643216133118
159,test_pos,1,spirit level,tool,0.0,0.5562657713890076
159,test_pos,1,high heels,clothing,0.0,0.9928545355796814
159,test_pos,1,insect,entity,0.0,0.9996334314346313
159,test_pos,1,office building,building,0.0,0.9871312975883484
159,test_pos,1,grasshopper,physical object,0.0,0.9759958386421204
159,test_pos,1,percussion instrument,entity,0.0,0.9996833801269531
159,test_pos,1,tree fern,physical object,0.0,0.6763430833816528
159,test_pos,1,hotel,physical object,0.0,0.5982707142829895
159,test_pos,1,prickly pear,plant,0.0,0.7639997005462646
159,test_pos,1,freight train,physical object,0.0,0.8021251559257507
159,test_pos,1,french horn,physical object,0.0,0.8192958235740662
159,test_pos,1,pasta,physical object,0.0,0.990826427936554
159,test_pos,1,bassoon,instrument,0.0,0.8583530783653259
159,test_pos,1,piccolo,physical object,0.0,0.9753828048706055
159,test_pos,1,cat,physical object,0.0,0.739786684513092
159,test_pos,1,micrometer,physical object,0.0,0.2563438415527344
159,test_pos,1,daisy,plant,0.0,0.3920519948005676
159,test_pos,1,villa,building,0.0,0.9800167083740234
159,test_pos,1,rake,physical object,0.0,0.677402675151825
159,test_pos,1,cereal,food,0.0,0.9357314705848694
159,test_pos,1,rocket,vehicle,0.0,0.6189410090446472
159,test_pos,1,synagogue,physical object,0.0,0.7874038219451904
159,test_pos,1,school,building,0.0,0.9182164669036865
159,test_pos,1,factory,building,0.0,0.8493701219558716
159,test_pos,1,chisel,tool,0.0,0.8923760652542114
159,test_pos,1,gong,instrument,0.0,0.9885414838790894
159,test_pos,1,dolphin,physical object,0.0,0.9838351011276245
159,test_pos,1,fly,physical object,0.0,0.17835035920143127
159,test_pos,1,shoes,clothing,0.0,0.8795602321624756
159,test_pos,1,monkey,animal,0.0,0.926657497882843
159,test_pos,1,cabbage,physical object,0.0,0.9874835014343262
159,test_pos,1,maidenhair fern,physical object,0.0,0.619920551776886
159,test_pos,1,pepper,physical object,0.0,0.5339705348014832
159,test_pos,1,accordion,instrument,0.0,0.8110999464988708
159,test_pos,1,cottage,building,0.0,0.8350436687469482
159,test_pos,1,gloves,physical object,0.0,0.7714093923568726
159,test_pos,1,train,physical object,0.0,0.49565383791923523
159,test_pos,1,office building,physical object,0.0,0.9812604188919067
159,test_pos,1,barrel cactus,plant,0.0,0.688724160194397
159,test_pos,1,slippers,clothing,0.0,0.880098819732666
159,test_pos,1,grasshopper,animal,0.0,0.9862825274467468
159,test_pos,1,truck,physical object,0.0,0.7776679992675781
159,test_pos,1,sandals,clothing,0.0,0.91943359375
159,test_pos,1,christmas cactus,physical object,0.0,0.5878673195838928
159,test_pos,1,kayak,physical object,0.0,0.13539284467697144
159,test_pos,1,jacket,physical object,0.0,0.8776839971542358
159,test_pos,1,pruning shears,tool,0.0,0.8638414740562439
159,test_pos,1,commercial building,entity,0.0,0.9996739625930786
159,test_pos,1,pliers,tool,0.0,0.8970349431037903
159,test_pos,1,bassoon,physical object,0.0,0.7768357992172241
159,test_pos,1,cow,animal,0.0,0.8541498184204102
159,test_pos,1,pants,physical object,0.0,0.9785382151603699
159,test_pos,1,timpani,instrument,0.0,0.9084612131118774
159,test_pos,1,yogurt,physical object,0.0,0.8896512389183044
159,test_pos,1,villa,physical object,0.0,0.9703927636146545
159,test_pos,1,milk,food,0.0,0.9819508790969849
159,test_pos,1,school,physical object,0.0,0.8769375085830688
159,test_pos,1,beetle,physical object,0.0,0.827205240726471
159,test_pos,1,glider,physical object,0.0,0.7546645998954773
159,test_pos,1,factory,physical object,0.0,0.7771120071411133
159,test_pos,1,alto saxophone,instrument,0.0,0.9831268787384033
159,test_pos,1,tie,clothing,0.0,0.7406890988349915
159,test_pos,1,gong,physical object,0.0,0.9830794334411621
159,test_pos,1,dolphin,animal,0.0,0.9906752705574036
159,test_pos,1,fly,animal,0.0,0.31089502573013306
159,test_pos,1,temple,physical object,0.0,0.47811228036880493
159,test_pos,1,vegetable,entity,0.0,0.9997991919517517
159,test_pos,1,keyboard instrument,entity,0.0,0.9995825886726379
159,test_pos,1,cake,food,0.0,0.559559166431427
159,test_pos,1,tree fern,plant,0.0,0.834866464138031
159,test_pos,1,snake,physical object,0.0,0.6127517223358154
159,test_pos,1,accordion,physical object,0.0,0.7057794332504272
159,test_pos,1,cottage,physical object,0.0,0.7569699883460999
159,test_pos,1,biplane,vehicle,0.0,0.7258325219154358
159,test_pos,1,mosque,building,0.0,0.6533434987068176
159,test_pos,1,pear,food,0.0,0.8669939041137695
159,test_pos,1,shovel,physical object,0.0,0.7496960163116455
159,test_pos,1,airplane,physical object,0.0,0.9864037036895752
159,test_pos,1,rice,food,0.0,0.4082108438014984
159,test_pos,1,goldfish,physical object,0.0,0.6714131236076355
159,test_pos,1,beanie,clothing,0.0,0.07134493440389633
159,test_pos,1,organ,instrument,0.0,0.9843387603759766
159,test_pos,1,taxi,physical object,0.0,0.7751370668411255
159,test_pos,1,timpani,physical object,0.0,0.855488657951355
159,test_pos,1,caliper,physical object,0.0,0.22418494522571564
159,test_pos,1,cherry tree,physical object,0.0,0.3816676735877991
159,test_pos,1,ship,physical object,0.0,0.958113968372345
159,test_pos,1,university building,physical object,0.0,0.878480076789856
159,test_pos,1,maidenhair fern,plant,0.0,0.8031381964683533
159,test_pos,1,beetle,animal,0.0,0.907455325126648
159,test_pos,1,hoe,tool,0.0,0.8247710466384888
159,test_pos,1,penguin,physical object,0.0,0.3110325336456299
159,test_pos,1,alto saxophone,physical object,0.0,0.9746577143669128
159,test_pos,1,cucumber,food,0.0,0.9893444180488586
159,test_pos,1,butter,food,0.0,0.41684645414352417
159,test_pos,1,belt,clothing,0.0,0.9283406734466553
159,test_pos,1,circular saw,physical object,0.0,0.9493052363395691
159,test_pos,1,residential building,entity,0.0,0.9995973706245422
159,test_pos,1,aircraft,entity,0.0,0.9997069239616394
159,test_pos,1,snake,animal,0.0,0.7794835567474365
159,test_pos,1,shorts,physical object,0.0,0.8373011350631714
159,test_pos,1,coach,vehicle,0.0,0.5268877744674683
159,test_pos,1,mosque,physical object,0.0,0.5325565934181213
159,test_pos,1,coat,physical object,0.0,0.990402102470398
159,test_pos,1,banana,physical object,0.0,0.9921956062316895
159,test_pos,1,nail gun,physical object,0.0,0.6049376726150513
159,test_pos,1,orange,food,0.0,0.9934444427490234
159,test_pos,1,alligator,animal,0.0,0.9874565005302429
159,test_pos,1,chicken,physical object,0.0,0.4282781481742859
159,test_pos,1,lecture hall,building,0.0,0.9117854237556458
159,test_pos,1,organ,physical object,0.0,0.976496160030365
159,test_pos,1,accessory,entity,0.0,0.999797523021698
159,test_pos,1,strawberry,physical object,0.0,0.720713198184967
159,test_pos,1,potato,food,0.0,0.9420260190963745
159,test_pos,1,piano,instrument,0.0,0.7937799692153931
159,test_pos,1,penguin,animal,0.0,0.5081201195716858
159,test_pos,1,industrial building,entity,0.0,0.9996510744094849
159,test_pos,1,shirt,physical object,0.0,0.9246297478675842
159,test_pos,1,leggings,physical object,0.0,0.8282909989356995
159,test_pos,1,mango,food,0.0,0.6192637085914612
159,test_pos,1,van,vehicle,0.0,0.9790164828300476
159,test_pos,1,hawk,animal,0.0,0.9688262343406677
159,test_pos,1,hoodie,clothing,0.0,0.9974948167800903
159,test_pos,1,horse,animal,0.0,0.8638397455215454
159,test_pos,1,motorcycle,physical object,0.0,0.7784531712532043
159,test_pos,1,car,physical object,0.0,0.41498467326164246
159,test_pos,1,ant,physical object,0.0,0.9763315916061401
159,test_pos,1,orange,physical object,0.0,0.9922922849655151
159,test_pos,1,owl,animal,0.0,0.7089858651161194
159,test_pos,1,church,building,0.0,0.802027702331543
159,test_pos,1,spinach,food,0.0,0.35010969638824463
159,test_pos,1,cherry tree,plant,0.0,0.616706132888794
159,test_pos,1,gecko,animal,0.0,0.9874083995819092
159,test_pos,1,airliner,physical object,0.0,0.7581418752670288
159,test_pos,1,scarf,physical object,0.0,0.770677924156189
159,test_pos,1,canoe,vehicle,0.0,0.5484956502914429
159,test_pos,1,utility knife,tool,0.0,0.9984672665596008
159,test_pos,1,potato,physical object,0.0,0.9299025535583496
159,test_pos,1,gloves,clothing,0.0,0.7917285561561584
159,test_pos,1,jet,physical object,0.0,0.9858604669570923
159,test_pos,1,lecture hall,physical object,0.0,0.8673827052116394
159,test_pos,1,sailboat,physical object,0.0,0.4908224940299988
159,test_pos,1,spirit level,physical object,0.0,0.35945314168930054
159,test_pos,1,tram,physical object,0.0,0.6115928292274475
159,test_pos,1,cactus,entity,0.0,0.9993799924850464
159,test_pos,1,parrot,physical object,0.0,0.3862285614013672
159,test_pos,1,jigsaw,tool,0.0,0.6498013734817505
159,test_pos,1,jacket,clothing,0.0,0.8901292085647583
159,test_pos,1,piano,physical object,0.0,0.682334303855896
159,test_pos,1,turkey,food,0.0,0.660083532333374
159,test_pos,1,pants,clothing,0.0,0.9808660745620728
159,test_pos,1,sheep,physical object,0.0,0.9849152565002441
159,test_pos,1,lily,physical object,0.0,0.24231639504432678
159,test_pos,1,sweater,physical object,0.0,0.7780984044075012
159,test_pos,1,spinach,physical object,0.0,0.31023359298706055
159,test_pos,1,bamboo,physical object,0.0,0.5880275368690491
159,test_pos,1,ant,animal,0.0,0.9864605665206909
159,test_pos,1,chisel,physical object,0.0,0.8023058772087097
159,test_pos,1,tuba,instrument,0.0,0.7916033267974854
159,test_pos,1,cheese,food,0.0,0.36948949098587036
159,test_pos,1,bungalow,building,0.0,0.7495558857917786
159,test_pos,1,saguaro,physical object,0.0,0.3012574017047882
159,test_pos,1,trowel,tool,0.0,0.787345290184021
159,test_pos,1,yacht,physical object,0.0,0.9577287435531616
159,test_pos,1,pasta,food,0.0,0.9922112226486206
159,test_pos,1,trousers,clothing,0.0,0.8785350918769836
159,test_pos,1,probe,vehicle,0.0,0.723914623260498
159,test_pos,1,file,physical object,0.0,0.572360634803772
159,test_pos,1,boots,clothing,0.0,0.9925603866577148
159,test_pos,1,turtle,physical object,0.0,0.5224289894104004
159,test_pos,1,pike,animal,0.0,0.8208167552947998
159,test_pos,1,zebra,physical object,0.0,0.9852023720741272
159,test_pos,1,parrot,animal,0.0,0.5930795073509216
159,test_pos,1,warehouse,building,0.0,0.6660977005958557
159,test_pos,1,onion,physical object,0.0,0.2173323780298233
159,test_pos,1,rose,physical object,0.0,0.22230936586856842
159,test_pos,1,shopping mall,building,0.0,0.8998321890830994
159,test_pos,1,banjo,instrument,0.0,0.6660029888153076
159,test_pos,1,boat,physical object,0.0,0.136273592710495
159,test_pos,1,cabbage,food,0.0,0.9895393252372742
159,test_pos,1,iguana,physical object,0.0,0.6360583305358887
159,test_pos,1,peach,physical object,0.0,0.951044499874115
159,test_pos,1,pepper,food,0.0,0.586334228515625
159,test_pos,1,hand drill,physical object,0.0,0.9792444109916687
159,test_pos,1,cheese,physical object,0.0,0.32323312759399414
159,test_pos,1,fir,physical object,0.0,0.7277207970619202
159,test_pos,1,hand tool,entity,0.0,0.9996590614318848
159,test_pos,1,cap,physical object,0.0,0.2549247443675995
159,test_pos,1,woodwind,entity,0.0,0.9995802044868469
159,test_pos,1,broccoli,physical object,0.0,0.9332689046859741
159,test_pos,1,freight train,vehicle,0.0,0.8584677577018738
159,test_pos,1,tuba,physical object,0.0,0.679919421672821
159,test_pos,1,seagull,physical object,0.0,0.4434678554534912
159,test_pos,1,lettuce,physical object,0.0,0.9877027869224548
159,test_pos,1,tape measure,tool,0.0,0.7525450587272644
159,test_pos,1,skirt,physical object,0.0,0.978357195854187
159,test_pos,1,bungalow,physical object,0.0,0.6443123817443848
159,test_pos,1,cello,instrument,0.0,0.9811029434204102
159,test_pos,1,violet,physical object,0.0,0.9563552737236023
159,test_pos,1,salmon,animal,0.0,0.7738931775093079
159,test_pos,1,brass instrument,entity,0.0,0.9996176958084106
159,test_pos,1,helmet,physical object,0.0,0.9000434875488281
159,test_pos,1,screwdriver,physical object,0.0,0.3730188012123108
159,test_pos,1,maple,physical object,0.0,0.9703056812286377
159,test_pos,1,tortoise,physical object,0.0,0.7996295094490051
159,test_pos,1,subway train,physical object,0.0,0.9758097529411316
159,test_pos,1,yogurt,food,0.0,0.9075252413749695
159,test_pos,1,coat,clothing,0.0,0.9914473295211792
159,test_pos,1,bat,animal,0.0,0.9907716512680054
159,test_pos,1,lily,plant,0.0,0.43761980533599854
159,test_pos,1,zebra,animal,0.0,0.9914305806159973
159,test_pos,1,bacon,physical object,0.0,0.9804573655128479
159,test_pos,1,warehouse,physical object,0.0,0.5430967807769775
159,test_pos,1,power drill,tool,0.0,0.5842733979225159
159,test_pos,1,bamboo,plant,0.0,0.7805078625679016
159,test_pos,1,moth,physical object,0.0,0.5945176482200623
159,test_pos,1,banjo,physical object,0.0,0.5157507658004761
159,test_pos,1,flowering plant,entity,0.0,0.999496340751648
159,test_pos,1,iguana,animal,0.0,0.7951587438583374
159,test_pos,1,bread,physical object,0.0,0.9906084537506104
159,test_pos,1,carrot,physical object,0.0,0.9326277375221252
159,test_pos,1,angle grinder,tool,0.0,0.7069548964500427
159,test_pos,1,saguaro,plant,0.0,0.5206376314163208
159,test_pos,1,dairy product,entity,0.0,0.9997604489326477
159,test_pos,1,sander,tool,0.0,0.9709684252738953
159,test_pos,1,mallet,physical object,0.0,0.04555635526776314
159,test_pos,1,seagull,animal,0.0,0.6491578221321106
159,test_pos,1,english horn,instrument,0.0,0.8537922501564026
159,test_pos,1,mandolin,instrument,0.0,0.6648523211479187
159,test_pos,1,rocket,physical object,0.0,0.5143387317657471
159,test_pos,1,cat,animal,0.0,0.8601365089416504
159,test_pos,1,shirt,clothing,0.0,0.9328746199607849
159,test_pos,1,jeans,physical object,0.0,0.8510018587112427
159,test_pos,1,cello,physical object,0.0,0.971407413482666
159,test_pos,1,saxophone,instrument,0.0,0.7367642521858215
159,test_pos,1,clavichord,instrument,0.0,0.7757081389427185
159,test_pos,1,beret,physical object,0.0,0.3622531592845917
159,test_pos,1,pie,food,0.0,0.7621604800224304
159,test_pos,1,ruler,tool,0.0,0.5439399480819702
159,test_pos,1,tortoise,animal,0.0,0.8925702571868896
159,test_pos,1,helicopter,physical object,0.0,0.6048051118850708
159,test_pos,1,rose,plant,0.0,0.40678176283836365
159,test_pos,1,glider,vehicle,0.0,0.8206285834312439
159,test_pos,1,saw,tool,0.0,0.9879361987113953
159,test_pos,1,t-shirt,physical object,0.0,0.7651373744010925
159,test_pos,1,fish,entity,0.0,0.9994620680809021
159,test_pos,1,scarf,clothing,0.0,0.791044294834137
159,test_pos,1,fir,plant,0.0,0.8630821704864502
159,test_pos,1,bracelet,physical object,0.0,0.8226280212402344
159,test_pos,1,trout,physical object,0.0,0.6925058960914612
159,test_pos,1,grain product,entity,0.0,0.9998082518577576
159,test_pos,1,bus,vehicle,0.0,0.9789440631866455
159,test_pos,1,daffodil,physical object,0.0,0.955602765083313
159,test_pos,1,cathedral,building,0.0,0.7069616317749023
159,test_pos,1,violet,plant,0.0,0.9774232506752014
159,test_pos,1,power plant,building,0.0,0.7164852619171143
159,test_pos,1,hammer,physical object,0.0,0.979158341884613
159,test_pos,1,pudding,physical object,0.0,0.6086698174476624
159,test_pos,1,crow,physical object,0.0,0.38206109404563904
159,test_pos,1,maple,plant,0.0,0.9841931462287903
159,test_pos,1,airplane,vehicle,0.0,0.9898239970207214
159,test_pos,1,pie,physical object,0.0,0.7219916582107544
159,test_pos,1,store,building,0.0,0.7383062839508057
159,test_pos,1,english horn,physical object,0.0,0.769927442073822
159,test_pos,1,mandolin,physical object,0.0,0.515200138092041
159,test_pos,1,tuna,physical object,0.0,0.606217086315155
159,test_pos,1,harp,instrument,0.0,0.6674759387969971
159,test_pos,1,spruce,physical object,0.0,0.4394029378890991
159,test_pos,1,banana,food,0.0,0.9933638572692871
159,test_pos,1,space station,vehicle,0.0,0.983607292175293
159,test_pos,1,clavichord,physical object,0.0,0.6572602987289429
159,test_pos,1,saxophone,physical object,0.0,0.6045017838478088
159,test_pos,1,religious building,entity,0.0,0.999640941619873
159,test_pos,1,chicken,food,0.0,0.47960183024406433
159,test_pos,1,apple tree,physical object,0.0,0.9717257618904114
159,test_pos,1,micrometer,tool,0.0,0.42459508776664734
159,test_pos,1,rake,tool,0.0,0.8207272291183472
159,test_pos,1,strawberry,food,0.0,0.7600119113922119
159,test_pos,1,kiwi,physical object,0.0,0.5585268139839172
159,test_pos,1,harpsichord,instrument,0.0,0.8723639249801636
159,test_pos,1,library,building,0.0,0.9252477884292603
159,test_pos,1,blouse,physical object,0.0,0.7868857383728027
159,test_pos,1,tiger,physical object,0.0,0.7972155213356018
159,test_pos,1,sunflower,physical object,0.0,0.6428132057189941
159,test_pos,1,wrench,tool,0.0,0.5788677334785461
159,test_pos,1,christmas cactus,plant,0.0,0.7791546583175659
159,test_pos,1,biplane,physical object,0.0,0.6339860558509827
159,test_pos,1,pigeon,physical object,0.0,0.9398297071456909
159,test_pos,1,crocodile,physical object,0.0,0.6284504532814026
159,test_pos,1,trumpet,instrument,0.0,0.9018353223800659
159,test_pos,1,utility knife,physical object,0.0,0.9976046085357666
159,test_pos,1,catfish,physical object,0.0,0.5103252530097961
159,test_pos,1,cathedral,physical object,0.0,0.5945277214050293
159,test_pos,1,whale,physical object,0.0,0.9843239188194275
159,test_pos,1,power plant,physical object,0.0,0.6021934747695923
159,test_pos,1,elephant,physical object,0.0,0.9848837852478027
159,test_pos,1,ferry,physical object,0.0,0.3908483684062958
159,test_pos,1,crow,animal,0.0,0.5888776183128357
159,test_pos,1,goldfish,animal,0.0,0.8181196451187134
159,test_pos,1,cymbals,instrument,0.0,0.9885603785514832
159,test_pos,1,tuna,animal,0.0,0.7769426703453064
159,test_pos,1,ukulele,instrument,0.0,0.8279074430465698
159,test_pos,1,harp,physical object,0.0,0.518272340297699
159,test_pos,1,lizard,physical object,0.0,0.9775370359420776
159,test_pos,1,monorail,physical object,0.0,0.9690476059913635
159,test_pos,1,bee,physical object,0.0,0.8226778507232666
159,test_pos,1,euphonium,instrument,0.0,0.8045084476470947
159,test_pos,1,carp,physical object,0.0,0.5140877962112427
159,test_pos,1,reptile,entity,0.0,0.9995915293693542
159,test_pos,1,orchid,physical object,0.0,0.20161332190036774
159,test_pos,1,plum,physical object,0.0,0.5656317472457886
159,test_pos,1,lamb,physical object,0.0,0.49386516213417053
159,test_pos,1,ice cream,physical object,0.0,0.5402227640151978
159,test_pos,1,spacecraft,entity,0.0,0.9996962547302246
159,test_pos,1,meat,entity,0.0,0.9996968507766724
159,test_pos,1,poppy,physical object,0.0,0.4874807596206665
159,test_pos,1,harpsichord,physical object,0.0,0.7979587316513062
159,test_pos,1,tiger,animal,0.0,0.892662525177002
159,test_pos,1,skirt,clothing,0.0,0.980705976486206
159,test_pos,1,library,physical object,0.0,0.8873773813247681
159,test_pos,1,oboe,instrument,0.0,0.8483399152755737
159,test_pos,1,daffodil,plant,0.0,0.9770622253417969
159,test_pos,1,crocodile,animal,0.0,0.7909481525421143
159,test_pos,1,trumpet,physical object,0.0,0.845022976398468
159,test_pos,1,lawn grass,physical object,0.0,0.47195854783058167
159,test_pos,1,headwear,entity,0.0,0.999957799911499
159,test_pos,1,catfish,animal,0.0,0.7049181461334229
159,test_pos,1,spruce,plant,0.0,0.6691461801528931
159,test_pos,1,scooter,physical object,0.0,0.4410417079925537
159,test_pos,1,whale,animal,0.0,0.9909431338310242
159,test_pos,1,minibus,vehicle,0.0,0.8380532264709473
159,test_pos,1,elephant,animal,0.0,0.9912535548210144
159,test_pos,1,power tool,entity,0.0,0.9994902610778809
159,test_pos,1,gardening tool,entity,0.0,0.99941086769104
159,test_pos,1,upper body clothing,entity,0.0,0.9998027682304382
159,test_pos,1,flugelhorn,instrument,0.0,0.9871518611907959
159,test_pos,1,apple tree,plant,0.0,0.9849019646644592
159,test_pos,1,oak,physical object,0.0,0.9707048535346985
159,test_pos,1,slippers,physical object,0.0,0.8662517070770264
159,test_pos,1,cymbals,physical object,0.0,0.9831090569496155
159,test_pos,1,mammal,entity,0.0,0.999638557434082
159,test_pos,1,ukulele,physical object,0.0,0.7302429676055908
159,test_pos,1,lizard,animal,0.0,0.9871050119400024
159,test_pos,1,pork,physical object,0.0,0.42347267270088196
159,test_pos,1,bee,animal,0.0,0.9050231575965881
159,test_pos,1,carp,animal,0.0,0.7079159021377563
159,test_pos,1,euphonium,physical object,0.0,0.6989622712135315
159,test_pos,1,sunflower,plant,0.0,0.8154311776161194
159,test_pos,1,caliper,tool,0.0,0.3754858672618866
159,test_pos,1,flute,instrument,0.0,0.6646519899368286
159,test_pos,1,lander,vehicle,0.0,0.3712759017944336
159,test_pos,1,grass,entity,0.0,0.9995238780975342
159,test_pos,1,cardigan,physical object,0.0,0.8096662759780884
159,test_pos,1,onion,food,0.0,0.24586574733257294
159,test_pos,1,jeans,clothing,0.0,0.8658779263496399
159,test_pos,1,oboe,physical object,0.0,0.7617136836051941
159,test_pos,1,dessert,entity,0.0,0.9996286630630493
159,test_pos,1,beret,clothing,0.0,0.38877972960472107
159,test_pos,1,bicycle,vehicle,0.0,0.45969271659851074
159,test_pos,1,peach,food,0.0,0.9588117003440857
159,test_pos,1,bass clarinet,instrument,0.0,0.71793532371521
159,test_pos,1,circular saw,tool,0.0,0.9716553688049316
159,test_pos,1,t-shirt,clothing,0.0,0.7862414121627808
159,test_pos,1,church,physical object,0.0,0.7139186263084412
159,test_pos,1,double bass,instrument,0.0,0.7158149480819702
159,test_pos,1,submarine,vehicle,0.0,0.9702335000038147
159,test_pos,1,violin,instrument,0.0,0.8222261071205139
159,test_pos,1,broccoli,food,0.0,0.9448286294937134
159,test_pos,1,flugelhorn,physical object,0.0,0.9809624552726746
159,test_pos,1,space shuttle,physical object,0.0,0.6562922596931458
159,test_pos,1,orchid,plant,0.0,0.36910513043403625
159,test_pos,1,lettuce,food,0.0,0.9897201657295227
159,test_pos,1,poppy,plant,0.0,0.7073719501495361
159,test_pos,1,rail vehicle,entity,0.0,0.999568521976471
159,test_pos,1,drum kit,instrument,0.0,0.5750026702880859
159,test_pos,1,trombone,instrument,0.0,0.9869382381439209
159,test_pos,1,triangle,instrument,0.0,0.9063369631767273
159,test_pos,1,wheatgrass,physical object,0.0,0.4751046895980835
159,test_pos,1,beanie,physical object,0.0,0.06660545617341995
159,test_pos,1,pruning shears,physical object,0.0,0.7493271231651306
159,test_pos,1,lawn grass,plant,0.0,0.6962183117866516
159,test_pos,1,pliers,physical object,0.0,0.8107345700263977
159,test_pos,1,footwear,entity,0.0,0.9997913241386414
159,test_pos,1,bacon,food,0.0,0.9835772514343262
159,test_pos,1,snare drum,instrument,0.0,0.7049118876457214
159,test_pos,1,flute,physical object,0.0,0.5182217955589294
159,test_pos,1,sheep,animal,0.0,0.9912712574005127
159,test_pos,1,cookie,physical object,0.0,0.9702942371368408
159,test_pos,1,reed,physical object,0.0,0.5372294783592224
159,test_pos,1,bread,food,0.0,0.9920273423194885
159,test_pos,1,oak,plant,0.0,0.9843940138816833
159,test_pos,1,bass clarinet,physical object,0.0,0.581975519657135
159,test_pos,1,marimba,instrument,0.0,0.4587489068508148
159,test_pos,1,carrot,food,0.0,0.9443023800849915
159,test_pos,1,willow,physical object,0.0,0.971900463104248
159,test_pos,1,belt,physical object,0.0,0.9198904633522034
159,test_pos,1,double bass,physical object,0.0,0.5764936804771423
159,test_pos,1,synagogue,building,0.0,0.8558871150016785
159,test_pos,1,viola,instrument,0.0,0.8345039486885071
159,test_pos,1,violin,physical object,0.0,0.7218614220619202
159,test_pos,1,probe,physical object,0.0,0.634750247001648
159,test_pos,1,shorts,clothing,0.0,0.8530071377754211
159,test_pos,1,sparrow,physical object,0.0,0.9419397115707397
159,test_pos,1,turtle,animal,0.0,0.7143768072128296
159,test_pos,1,sitar,instrument,0.0,0.9817012548446655
159,test_pos,1,drum kit,physical object,0.0,0.4224834442138672
159,test_pos,1,mosquito,physical object,0.0,0.38140055537223816
159,test_pos,1,trombone,physical object,0.0,0.9806323051452637
159,test_pos,1,lower body clothing,entity,0.0,0.9996415376663208
159,test_pos,1,noodles,physical object,0.0,0.6704376339912415
159,test_pos,1,tortilla,physical object,0.0,0.9908434152603149
159,test_pos,1,triangle,physical object,0.0,0.8521047830581665
159,test_pos,1,shopping mall,physical object,0.0,0.8505989909172058
